rank,brand,product
1,아식스,3 / 29 배송 [무료반품]조그 100 2 (4E) - 블랙:블랙 / TJG138-9090
2,제로,Deep One Tuck Sweat Pants [Grey]
3,바운더리,"[3,000원 결제혜택]투턱 와이드 롱 스웨트 팬츠 [그레이]"
4,디미트리블랙,"3 / 29 배송 [3,000원 결제혜택](올시즌) 포시즌 에센셜 피그먼트 후드집업_차콜 그레이"
5,리,빅 트위치 로고 티셔츠 화이트
6,아디다스,[무료반품]파이어버드 루즈 트랙탑 - 블랙 / IT7405
7,가까이 유니언즈,원턱 와이드 스웨트팬츠 그레이
8,토피,2WAY 스웻 후드 집업 (MELANGE GREY)
9,무신사 스탠다드,레이어드 크루 넥 반팔 티셔츠_일반 기장 [화이트]
10,무신사 스탠다드,세미 와이드 히든 밴딩 슬랙스 [블랙]
11,스탠다드에러,[무료반품]87-STAN009 [비건 스웨이드] 스탠다드 블루종 스웨이드 자켓 카키
12,디미트리블랙,"[3,000원 결제혜택](올시즌) 포시즌 옴브레 체크 셔츠_그레이"
13,가까이 유니언즈,원턱 와이드 스웨트팬츠 블랙
14,굿라이프웍스,이지 와이드 데님 팬츠 그레이
15,제로,Deep One Tuck Sweat Pants [Black]
16,반스,뉴스쿨 - (메가 체크) 블랙 / VN0009QCCJJ1
17,도프제이슨,오버핏 비건레더 싱글 자켓
18,예일,"[무료반품][3,000원 결제혜택](24SS) 2 TONE ARCH HOODIE GRAY"
19,킨,3 / 27 배송 재스퍼 스니커즈 Beige
20,스파오,(시티보이) 오버핏 옥스포드 셔츠_SPYWE23C51
21,아디다스,[무료반품]슈퍼스타 보네가 W - 블랙:화이트 / GX1841
22,커버낫,쿨 코튼 2-PACK 티셔츠 블랙+화이트
23,무신사 스탠다드,우먼즈 오버사이즈 블레이저 [블랙]
24,코드그라피,"[3,000원 결제혜택][23년ver.] 테크 나일론 후드 바람막이 자켓_7color"
25,코드그라피,[24년ver.] 2-WAY 테크 숏 자켓_블랙
26,칼린,트위 미니 7colors_H73305010
27,무신사 스탠다드,베이식 긴팔 티셔츠 2팩
28,후러브스아트,유니섹스 세미 와이드 밴딩 슬랙스
29,라이크더모스트,[ONLY OUTLET]트레이닝 핀턱 와이드 팬츠 3colors
30,아식스,[무료반품]젤-1130 - 화이트:클라우드 그레이 / 1201A256-118
31,아식스,조그 100 S (2E) - 블랙:블랙 / 1201A325-001
32,예일,"[3,000원 결제혜택][ONEMILE WEAR] OXFORD SMALL ARCH BIG SHIRT BLUE"
33,에즈카톤,스페이스 헤비코튼 후드 버건디 KMHD6723
34,아디다스,[무료반품]가젤 85 SMU - 스칼렛:다크블루 / ID0846
35,무신사 스탠다드,"[3,000원 결제혜택]베이식 크루 넥 반팔 티셔츠 2팩"
36,마뗑킴,SPORTY TOTE BAG IN BLACK
37,아웃스탠딩,AUTHENTIC COMFORT SWEAT_1% OATMEAL
38,컨버스,척 70 클래식 블랙 162058C
39,노이어,텐셀-리브드 집업 플라이트 자켓 (네이비)
40,무신사 스탠다드,릴렉스드 베이식 블레이저 [블랙]
41,무신사 스탠다드,[핏더사이즈 컬래버]시티 레저 CN 루즈 핏 블레이저 [블랙]
42,푸마,PUMA x OPEN YY 스피드캣 - 푸마블랙:섀도우 그레이 / 397397-01
43,어게인스트 올 오즈,와이드 데님 팬츠 [미디엄 블루]
44,스탠다드에러,4 / 12 배송 [무료반품]87-STAN009 [비건 스웨이드] 스탠다드 블루종 스웨이드 자켓 블랙
45,아디다스,[무료반품]핸드볼 스페지알 - 네이비 / BD7633
46,무신사 스탠다드,테이퍼드 히든 밴딩 크롭 슬랙스 [블랙]
47,토피,3 / 28 배송 모어 와이드 데님 팬츠 (WASHED RAW BLACK)
48,디미트리블랙,(올시즌) 2WAY 어센틱 후드 윈드브레이커 자켓_블랙
49,슈펜,3 / 29 배송 [무료반품]유니 레더 독일군 HPMR6DA03M
50,가까이 유니언즈,원턱 와이드 스웨트 카고팬츠 카키
